<?xml version="1.0" encoding="UTF-8" standalone="yes"?>
<addon id="plugin.video.doctornono.hello" name="doctornono.hello" version="0.0.1" provider-name="doctornono">
  <requires>
    <import addon="xbmc.python" version="3.0.0"/>
  </requires>
  <extension point="xbmc.python.pluginsource" library="addon.py">
    <provides>video</provides>
  </extension>
  <extension point="xbmc.addon.metadata">
    <summary lang="en_gb">doctornono hello</summary>
    <description lang="en_gb">View movieDB Trailers</description>
    <disclaimer lang="en_gb">The author does not host or distribute any of the content displayed by this addon. The author does not have any affiliation with the content provider.</disclaimer>
    <language></language>
    <platform>all</platform>
    <license></license>
    <forum></forum>
    <website>url du site web</website>
    <email></email>
    <source>url de la source</source>
    <assets>
        <icon>icon.png</icon>
        <fanart>fanart.jpg</fanart>
        <screenshot>screenshot-01.jpg</screenshot>
        <screenshot>screenshot-02.jpg</screenshot>
        <screenshot>screenshot-03.jpg</screenshot>
    </assets>    
  </extension>
</addon>